Model,Accuracy,Balanced_Accuracy,Precision,Recall,F1_Score,Macro_F1_Score
Gradient Boosting,0.8880597014925373,0.870434303113125,0.8932721731229194,0.8880597014925373,0.8894133874773387,0.8675283290192695
Random Forest,0.8656716417910447,0.8454993346998956,0.870409039416941,0.8656716417910447,0.8668336795009299,0.8432920862384042
Decision Tree,0.7985074626865671,0.7727071121180519,0.8132977967306325,0.7985074626865671,0.8029449103367543,0.7688474194275411
