Cluster,Customer_Count,Avg_Points,Avg_Score,Avg_Membership_Days
0,185,11124.205405405406,32.29633567062975,333.5189189189189
1,96,36561.833333333336,43.93980876722467,129.80208333333334
2,121,4189.975206611571,21.733087494824677,141.2396694214876
3,44,87705.54545454546,63.74250394865759,319.20454545454544
