Model,Accuracy,Balanced_Accuracy,Precision,Recall,F1_Score,Macro_F1_Score
Decision Tree,0.7985074626865671,0.7727071121180519,0.8132977967306325,0.7985074626865671,0.8029449103367543,0.7688474194275411
