Model,Accuracy,Balanced_Accuracy,Precision,Recall,F1_Score,Macro_F1_Score
Gradient Boosting,0.8880597014925373,0.870434303113125,0.8932721731229194,0.8880597014925373,0.8894133874773387,0.8675283290192695
