Feature,Importance
Points,0.4252614719792732
Log_Points,0.4054903982549533
Membership_Days,0.0745915604112989
Points_Per_Day,0.05557205428410244
Points_Per_Month,0.03482637829077239
Age,0.00425813677959987
