Metric,Value
RMSE,10.021037340904831
R2 Score,0.6352741736962276
