Membership_Group,Customer_Count,Avg_Points,Avg_Loyalty_Score
Established Member,72,26141.277777777777,38.8365706458436
Growing Member,235,21472.64680851064,35.39397443805413
New Member,139,21623.748201438848,32.47194548123261
