Model,Accuracy,Balanced_Accuracy,Precision,Recall,F1_Score,Macro_F1_Score
Random Forest,0.8656716417910447,0.8454993346998956,0.870409039416941,0.8656716417910447,0.8668336795009299,0.8432920862384042
