Feature,Importance
Log_Points,0.33501960437531547
Points,0.333985636902619
Points_Per_Month,0.13431858372666636
Points_Per_Day,0.09819154334788507
Membership_Days,0.07957222164959113
Age,0.01891240999792307
