Customer_Segment,Customer_Count,Avg_Points,Median_Points,Avg_Loyalty_Score
Active,89,11023.359550561798,9600.0,33.67005595690479
Highly Active,89,26651.6404494382,27110.0,41.808062100562665
Inactive,1,0.0,0.0,7.109557109557111
Least Loyal,88,497.46590909090907,319.5,16.412291809712002
Most Loyal,90,68141.66666666667,65256.5,57.21808500012242
Potential,89,4543.179775280899,4413.0,25.942091099381546
